{
  "pixelmon:recipes/decorative/brown_vending_machine": {
    "criteria": {
      "has_soda_pop": "2019-04-09 22:42:16 -0400"
    },
    "done": true
  },
  "minecraft:recipes/transportation/dark_oak_boat": {
    "criteria": {
      "entered_water": "2019-04-09 22:48:34 -0400"
    },
    "done": true
  },
  "pixelmon:recipes/decorative/black_vending_machine": {
    "criteria": {
      "has_soda_pop": "2019-04-09 22:42:16 -0400"
    },
    "done": true
  },
  "pixelmon:recipes/decorative/yellow_vending_machine": {
    "criteria": {
      "has_soda_pop": "2019-04-09 22:42:16 -0400"
    },
    "done": true
  },
  "pixelmon:recipes/decorative/purple_vending_machine": {
    "criteria": {
      "has_soda_pop": "2019-04-09 22:42:16 -0400"
    },
    "done": true
  },
  "pixelmon:recipes/machines/green_vending_machine": {
    "criteria": {
      "has_soda_pop": "2019-04-09 22:42:16 -0400"
    },
    "done": true
  },
  "pixelmon:recipes/decorative/gray_vending_machine": {
    "criteria": {
      "has_soda_pop": "2019-04-09 22:42:16 -0400"
    },
    "done": true
  },
  "pixelmon:recipes/machines/yellow_vending_machine": {
    "criteria": {
      "has_soda_pop": "2019-04-09 22:42:16 -0400"
    },
    "done": true
  },
  "pixelmon:pokedex/pokedex_trigger": {
    "criteria": {
      "pokedex_base": "2019-04-09 22:42:20 -0400"
    },
    "done": true
  },
  "pixelmon:recipes/decorative/white_vending_machine": {
    "criteria": {
      "has_soda_pop": "2019-04-09 22:42:16 -0400"
    },
    "done": true
  },
  "minecraft:adventure/adventuring_time": {
    "criteria": {
      "desert_hills": "2019-04-09 22:48:10 -0400",
      "forest_hills": "2019-04-09 22:47:46 -0400",
      "plains": "2019-04-09 22:42:16 -0400",
      "river": "2019-04-09 22:48:13 -0400",
      "desert": "2019-04-09 22:45:24 -0400"
    },
    "done": false
  },
  "pixelmon:recipes/decorative/red_vending_machine": {
    "criteria": {
      "has_soda_pop": "2019-04-09 22:42:16 -0400"
    },
    "done": true
  },
  "pixelmon:recipes/machines/red_vending_machine": {
    "criteria": {
      "has_soda_pop": "2019-04-09 22:42:16 -0400"
    },
    "done": true
  },
  "pixelmon:recipes/decorative/orange_vending_machine": {
    "criteria": {
      "has_soda_pop": "2019-04-09 22:42:16 -0400"
    },
    "done": true
  },
  "minecraft:recipes/transportation/birch_boat": {
    "criteria": {
      "entered_water": "2019-04-09 22:48:34 -0400"
    },
    "done": true
  },
  "pixelmon:recipes/decorative/blue_vending_machine": {
    "criteria": {
      "has_soda_pop": "2019-04-09 22:42:16 -0400"
    },
    "done": true
  },
  "pixelmon:recipes/machines/blue_vending_machine": {
    "criteria": {
      "has_soda_pop": "2019-04-09 22:42:16 -0400"
    },
    "done": true
  },
  "minecraft:recipes/transportation/acacia_boat": {
    "criteria": {
      "entered_water": "2019-04-09 22:48:34 -0400"
    },
    "done": true
  },
  "pixelmon:recipes/decorative/pink_vending_machine": {
    "criteria": {
      "has_soda_pop": "2019-04-09 22:42:16 -0400"
    },
    "done": true
  },
  "pixelmon:recipes/machines/pink_vending_machine": {
    "criteria": {
      "has_soda_pop": "2019-04-09 22:42:16 -0400"
    },
    "done": true
  },
  "pixelmon:recipes/machines/orange_vending_machine": {
    "criteria": {
      "has_soda_pop": "2019-04-09 22:42:16 -0400"
    },
    "done": true
  },
  "minecraft:recipes/transportation/boat": {
    "criteria": {
      "entered_water": "2019-04-09 22:48:34 -0400"
    },
    "done": true
  },
  "minecraft:recipes/transportation/jungle_boat": {
    "criteria": {
      "entered_water": "2019-04-09 22:48:34 -0400"
    },
    "done": true
  },
  "pixelmon:recipes/decorative/cyan_vending_machine": {
    "criteria": {
      "has_soda_pop": "2019-04-09 22:42:16 -0400"
    },
    "done": true
  },
  "pixelmon:recipes/decorative/green_vending_machine": {
    "criteria": {
      "has_soda_pop": "2019-04-09 22:42:16 -0400"
    },
    "done": true
  },
  "minecraft:recipes/transportation/spruce_boat": {
    "criteria": {
      "entered_water": "2019-04-09 22:48:34 -0400"
    },
    "done": true
  }
}